https://cdn.rebrickable.com/media/thumbs/parts/elements/6020193.jpg/85x85p.jpg?1579392213.497258,4 x 99780 ₹6.05
https://cdn.rebrickable.com/media/thumbs/parts/elements/301026.jpg/85x85p.jpg?1579392153.1573496,2 x 3010 ₹11.02
https://cdn.rebrickable.com/media/thumbs/parts/elements/6238272.jpg/85x85p.jpg?1579393943.3026695 https://rebrickable.com/static/img/overlays/rare_color.png,1 x 3010pr0047 ₹72.59
https://cdn.rebrickable.com/media/thumbs/parts/elements/609126.jpg/85x85p.jpg?1579392255.8771937,6 x 6091 ₹6.32
https://cdn.rebrickable.com/media/thumbs/parts/elements/4162443.jpg/85x85p.jpg?1579392148.5973566,2 x 30414 ₹8.96
https://cdn.rebrickable.com/media/thumbs/parts/elements/302426.jpg/85x85p.jpg?1579392149.745355,6 x 3024 ₹5.82
https://cdn.rebrickable.com/media/thumbs/parts/elements/302226.jpg/85x85p.jpg?1579392206.6852684,1 x 3022 ₹3.95
https://cdn.rebrickable.com/media/thumbs/parts/elements/302026.jpg/85x85p.jpg?1579392135.4573765,1 x 3020 ₹5.80
https://cdn.rebrickable.com/media/thumbs/parts/elements/395826.jpg/85x85p.jpg?1579392255.569194,2 x 3958 ₹23.00
https://cdn.rebrickable.com/media/thumbs/parts/elements/4565323.jpg/85x85p.jpg?1579392217.1252525,2 x 87580 ₹4.73
https://cdn.rebrickable.com/media/thumbs/parts/elements/6052126.jpg/85x85p.jpg?1579392290.7211413,9 x 99206 ₹7.94
https://cdn.rebrickable.com/media/thumbs/parts/elements/6058118.jpg/85x85p.jpg?1579392402.3889737,1 x 64799 ₹11.40
https://cdn.rebrickable.com/media/thumbs/parts/elements/4504382.jpg/85x85p.jpg?1579392185.4013007,2 x 54200 ₹2.80
https://cdn.rebrickable.com/media/thumbs/parts/elements/6053077.jpg/85x85p.jpg?1579392146.0813603,7 x 15068 ₹7.43
https://cdn.rebrickable.com/media/thumbs/parts/elements/306926.jpg/85x85p.jpg?1579392218.4412506 https://rebrickable.com/static/img/overlays/ov_2.png,2 x 3069b ₹6.76
https://cdn.rebrickable.com/media/thumbs/parts/elements/243126.jpg/85x85p.jpg?1579392179.7733092 https://rebrickable.com/static/img/overlays/ov_4.png,2 x 2431 ₹7.86
https://cdn.rebrickable.com/media/thumbs/parts/elements/4560182.jpg/85x85p.jpg?1579392185.161301,1 x 87079 ₹24.17
https://cdn.rebrickable.com/media/thumbs/parts/elements/6178627.jpg/85x85p.jpg?1579393278.143664,4 x 98138pr0060 ₹12.34
https://cdn.rebrickable.com/media/thumbs/parts/elements/6192346.jpg/85x85p.jpg?1579392354.2530458,1 x 33909 ₹15.12
https://cdn.rebrickable.com/media/thumbs/parts/elements/407023.jpg/85x85p.jpg?1579392785.1204,4 x 4070 ₹6.54
https://cdn.rebrickable.com/media/thumbs/parts/elements/4550359.jpg/85x85p.jpg?1579393100.2999294,2 x 3003 ₹5.31
https://cdn.rebrickable.com/media/thumbs/parts/elements/4177737.jpg/85x85p.jpg?1579392222.729244,4 x 3023 ₹4.28
https://cdn.rebrickable.com/media/thumbs/parts/elements/4211042.jpg/85x85p.jpg?1579392135.4213765,1 x 4032a ₹2.61
https://cdn.rebrickable.com/media/thumbs/parts/elements/6199891.jpg/85x85p.jpg?1579393534.367283,2 x 25269 ₹8.64
https://cdn.rebrickable.com/media/thumbs/parts/elements/4165783.jpg/85x85p.jpg?1579392243.9732118 https://rebrickable.com/static/img/overlays/ov_2.png,1 x 3069b ₹8.57
https://cdn.rebrickable.com/media/thumbs/parts/elements/6213776.jpg/85x85p.jpg?1579393263.143686,5 x 3005 ₹15.80
https://cdn.rebrickable.com/media/thumbs/parts/elements/4121500.jpg/85x85p.jpg?1579393263.2316859,1 x 3004 ₹17.13
https://cdn.rebrickable.com/media/thumbs/parts/elements/6236766.jpg/85x85p.jpg?1579393263.187686,1 x 18653 ₹15.60
https://cdn.rebrickable.com/media/thumbs/parts/elements/6217667.jpg/85x85p.jpg?1579393263.259686,1 x 10314 ₹14.65
https://cdn.rebrickable.com/media/thumbs/parts/elements/6213778.jpg/85x85p.jpg?1579393263.211686,3 x 3024 ₹12.24
https://cdn.rebrickable.com/media/thumbs/parts/elements/4218493.jpg/85x85p.jpg?1579392719.656498,8 x 3023 ₹11.73
https://cdn.rebrickable.com/media/thumbs/parts/elements/6213784.jpg/85x85p.jpg?1579392915.5002053,1 x 3623 ₹89.89
https://cdn.rebrickable.com/media/thumbs/parts/elements/6236771.jpg/85x85p.jpg?1579404233.659203 https://rebrickable.com/static/img/overlays/rare_color.png,1 x 13547 ₹499.16
https://cdn.rebrickable.com/media/thumbs/parts/elements/6236770.jpg/85x85p.jpg?1579397008.2780762 https://rebrickable.com/static/img/overlays/ov_4.png,2 x 2431 ₹153.48
https://cdn.rebrickable.com/media/thumbs/parts/elements/4107736.jpg/85x85p.jpg?1579392402.4809735,1 x 3004 ₹3.73
https://cdn.rebrickable.com/media/thumbs/parts/elements/300328.jpg/85x85p.jpg?1579392402.4769735,1 x 3003 ₹4.69
https://cdn.rebrickable.com/media/thumbs/parts/elements/6097867.jpg/85x85p.jpg?1579394378.1620157,1 x 3010 ₹7.38
https://cdn.rebrickable.com/media/thumbs/parts/elements/6099190.jpg/85x85p.jpg?1579392971.568122,8 x 3023 ₹9.32
https://cdn.rebrickable.com/media/thumbs/parts/elements/6099355.jpg/85x85p.jpg?1579399311.978637,2 x 3020 ₹11.36
https://cdn.rebrickable.com/media/thumbs/parts/elements/6236773.jpg/85x85p.jpg?1579514855.9961746 https://rebrickable.com/static/img/overlays/rare_color.png,2 x 11476 ₹13.13
https://cdn.rebrickable.com/media/thumbs/parts/elements/6236774.jpg/85x85p.jpg?1579405803.7488332 https://rebrickable.com/static/img/overlays/rare_color.png,2 x 85984 ₹264.08
https://cdn.rebrickable.com/media/thumbs/parts/elements/6112962.jpg/85x85p.jpg?1579392827.3003366 https://rebrickable.com/static/img/overlays/ov_2.png,7 x 3069b ₹8.83
https://cdn.rebrickable.com/media/thumbs/parts/elements/6101169.jpg/85x85p.jpg?1579397015.758065 https://rebrickable.com/static/img/overlays/ov_4.png,1 x 2431 ₹12.12
https://cdn.rebrickable.com/media/thumbs/parts/elements/6236775.jpg/85x85p.jpg?1579406342.152021 https://rebrickable.com/static/img/overlays/rare_color.png,1 x 87079 ₹364.94
https://cdn.rebrickable.com/media/thumbs/parts/elements/6212061.jpg/85x85p.jpg?1579393510.223319 https://rebrickable.com/static/img/overlays/rare_color.png,2 x 32952 ₹562.91
https://cdn.rebrickable.com/media/thumbs/parts/elements/4211476.jpg/85x85p.jpg?1579392239.4612186,4 x 4070 ₹8.45
https://cdn.rebrickable.com/media/thumbs/parts/elements/6015344.jpg/85x85p.jpg?1579392239.5012186,4 x 11211 ₹7.21
https://cdn.rebrickable.com/media/thumbs/parts/elements/6123809.jpg/85x85p.jpg?1579392536.9847717,16 x 22885 ₹10.27
https://cdn.rebrickable.com/media/thumbs/parts/elements/4211398.jpg/85x85p.jpg?1579392198.7532804,2 x 3023 ₹4.79
https://cdn.rebrickable.com/media/thumbs/parts/elements/6066097.jpg/85x85p.jpg?1579392230.1852326,2 x 15573 ₹4.57
https://cdn.rebrickable.com/media/thumbs/parts/elements/4654577.jpg/85x85p.jpg?1579392256.7131925,6 x 99206 ₹7.77
https://cdn.rebrickable.com/media/thumbs/parts/elements/4622803.jpg/85x85p.jpg?1579392284.5451505,2 x 93273 ₹13.00
https://cdn.rebrickable.com/media/thumbs/parts/elements/6097493.jpg/85x85p.jpg?1579392952.7441497,2 x 3024 ₹8.66
https://cdn.rebrickable.com/media/thumbs/parts/elements/4177932.jpg/85x85p.jpg?1579392234.7452257,10 x 3023 ₹3.08
https://cdn.rebrickable.com/media/thumbs/parts/elements/6089698.jpg/85x85p.jpg?1579392508.5248144,1 x 99780 ₹11.31
https://cdn.rebrickable.com/media/thumbs/parts/elements/6089576.jpg/85x85p.jpg?1579392558.2607398,2 x 10201 ₹3.32
https://cdn.rebrickable.com/media/thumbs/parts/elements/300521.jpg/85x85p.jpg?1579392301.5971248,1 x 3005 ₹3.50
https://cdn.rebrickable.com/media/thumbs/parts/elements/300421.jpg/85x85p.jpg?1579392215.501255,1 x 3004 ₹3.45
https://cdn.rebrickable.com/media/thumbs/parts/elements/4631357.jpg/85x85p.jpg?1579392558.868739,2 x 6005 ₹91.87
https://cdn.rebrickable.com/media/thumbs/parts/elements/609121.jpg/85x85p.jpg?1579392380.4490066,8 x 6091 ₹5.58
https://cdn.rebrickable.com/media/thumbs/parts/elements/614321.jpg/85x85p.jpg?1579392558.784739,3 x 3941 ₹4.10
https://cdn.rebrickable.com/media/thumbs/parts/elements/407021.jpg/85x85p.jpg?1579392380.4810064,4 x 4070 ₹7.20
https://cdn.rebrickable.com/media/thumbs/parts/elements/302421.jpg/85x85p.jpg?1579392301.625125,14 x 3024 ₹3.82
https://cdn.rebrickable.com/media/thumbs/parts/elements/302321.jpg/85x85p.jpg?1579392215.5692549,13 x 3023 ₹3.82
https://cdn.rebrickable.com/media/thumbs/parts/elements/362321.jpg/85x85p.jpg?1579392301.7811246,3 x 3623 ₹6.96
https://cdn.rebrickable.com/media/thumbs/parts/elements/371021.jpg/85x85p.jpg?1579392215.5932548,2 x 3710 ₹5.61
https://cdn.rebrickable.com/media/thumbs/parts/elements/302221.jpg/85x85p.jpg?1579392301.8291247,4 x 3022 ₹4.17
https://cdn.rebrickable.com/media/thumbs/parts/elements/242021.jpg/85x85p.jpg?1579392565.1127295,3 x 2420 ₹7.11
https://cdn.rebrickable.com/media/thumbs/parts/elements/302121.jpg/85x85p.jpg?1579392228.1332357,1 x 3021 ₹5.69
https://cdn.rebrickable.com/media/thumbs/parts/elements/302021.jpg/85x85p.jpg?1579392215.5972548,1 x 3020 ₹5.15
https://cdn.rebrickable.com/media/thumbs/parts/elements/4244371.jpg/85x85p.jpg?1579392194.0172875,2 x 54200 ₹3.85
https://cdn.rebrickable.com/media/thumbs/parts/elements/4597912.jpg/85x85p.jpg?1579392511.5648098,2 x 88930 ₹20.55
https://cdn.rebrickable.com/media/thumbs/parts/elements/6186398.jpg/85x85p.jpg?1579392287.1051466,2 x 24201 ₹14.17
https://cdn.rebrickable.com/media/thumbs/parts/elements/6029946.jpg/85x85p.jpg?1579392287.1691465,7 x 11477 ₹10.52
https://cdn.rebrickable.com/media/thumbs/parts/elements/6105976.jpg/85x85p.jpg?1579392136.349375,1 x 15068 ₹11.53
https://cdn.rebrickable.com/media/thumbs/parts/elements/4633914.jpg/85x85p.jpg?1579392287.1411467,3 x 93273 ₹10.83
https://cdn.rebrickable.com/media/thumbs/parts/elements/6045937.jpg/85x85p.jpg?1579392568.8727238,3 x 11153 ₹12.24
https://cdn.rebrickable.com/media/thumbs/parts/elements/6170390.jpg/85x85p.jpg?1579392511.8568094,9 x 25269 ₹10.03
https://cdn.rebrickable.com/media/thumbs/parts/elements/6217194.jpg/85x85p.jpg?1579392511.8808093,1 x 27263 ₹23.70
https://cdn.rebrickable.com/media/thumbs/parts/elements/4155059.jpg/85x85p.jpg?1579392220.029248,1 x 3003 ₹12.48
https://cdn.rebrickable.com/media/thumbs/parts/elements/4113916.jpg/85x85p.jpg?1579392222.1812449,1 x 3010 ₹9.79
https://cdn.rebrickable.com/media/thumbs/parts/elements/6238332.jpg/85x85p.jpg?1579398782.7994218 https://rebrickable.com/static/img/overlays/rare_color.png,1 x 3010pr0050 ₹70.72
https://cdn.rebrickable.com/media/thumbs/parts/elements/6024495.jpg/85x85p.jpg?1579392222.4052446,3 x 11211 ₹7.07
https://cdn.rebrickable.com/media/thumbs/parts/elements/4159553.jpg/85x85p.jpg?1579392226.621238,2 x 3024 ₹4.23
https://cdn.rebrickable.com/media/thumbs/parts/elements/4114084.jpg/85x85p.jpg?1579392184.3693023,2 x 3022 ₹4.50
https://cdn.rebrickable.com/media/thumbs/parts/elements/4114309.jpg/85x85p.jpg?1579392184.4333022,1 x 3020 ₹5.07
https://cdn.rebrickable.com/media/thumbs/parts/elements/4243824.jpg/85x85p.jpg?1579392199.741279,3 x 3031 ₹8.95
https://cdn.rebrickable.com/media/thumbs/parts/elements/6177314.jpg/85x85p.jpg?1579392551.1847503,2 x 11476 ₹17.65
https://cdn.rebrickable.com/media/thumbs/parts/elements/6173056.jpg/85x85p.jpg?1579392227.0532374,1 x 92593 ₹10.36
https://cdn.rebrickable.com/media/thumbs/parts/elements/4516055.jpg/85x85p.jpg?1579392226.9972374,2 x 54200 ₹2.52
https://cdn.rebrickable.com/media/thumbs/parts/elements/4114026.jpg/85x85p.jpg?1579392229.5052338 https://rebrickable.com/static/img/overlays/ov_2.png,2 x 3069b ₹8.32
https://cdn.rebrickable.com/media/thumbs/parts/elements/4219765.jpg/85x85p.jpg?1579392184.525302 https://rebrickable.com/static/img/overlays/ov_4.png,1 x 2431 ₹11.07
https://cdn.rebrickable.com/media/thumbs/parts/elements/6173057.jpg/85x85p.jpg?1579392315.0891047,2 x 14719 ₹19.59
https://cdn.rebrickable.com/media/thumbs/parts/elements/4610209.jpg/85x85p.jpg?1579392314.997105,1 x 87079 ₹27.50
https://cdn.rebrickable.com/media/thumbs/parts/elements/4629913.jpg/85x85p.jpg?1579392491.44084,2 x 6005 ₹35.82
https://cdn.rebrickable.com/media/thumbs/parts/elements/609101.jpg/85x85p.jpg?1579392229.7092335,2 x 6091 ₹7.15
https://cdn.rebrickable.com/media/thumbs/parts/elements/614301.jpg/85x85p.jpg?1579392480.3608565,1 x 3941 ₹7.59
https://cdn.rebrickable.com/media/thumbs/parts/elements/302401.jpg/85x85p.jpg?1579392230.073233,3 x 3024 ₹4.77
https://cdn.rebrickable.com/media/thumbs/parts/elements/302301.jpg/85x85p.jpg?1579392175.6053154,3 x 3023 ₹4.57
https://cdn.rebrickable.com/media/thumbs/parts/elements/371001.jpg/85x85p.jpg?1579392230.1492326,1 x 3710 ₹5.19
https://cdn.rebrickable.com/media/thumbs/parts/elements/302201.jpg/85x85p.jpg?1579392229.9012332,1 x 3022 ₹4.67
https://cdn.rebrickable.com/media/thumbs/parts/elements/242001.jpg/85x85p.jpg?1579392317.9011004,8 x 2420 ₹6.54
https://cdn.rebrickable.com/media/thumbs/parts/elements/302101.jpg/85x85p.jpg?1579392175.6373155,1 x 3021 ₹9.32
https://cdn.rebrickable.com/media/thumbs/parts/elements/302001.jpg/85x85p.jpg?1579392284.4291508,3 x 3020 ₹7.88
https://cdn.rebrickable.com/media/thumbs/parts/elements/4244370.jpg/85x85p.jpg?1579392480.3408566,10 x 54200 ₹3.79
https://cdn.rebrickable.com/media/thumbs/parts/elements/6069002.jpg/85x85p.jpg?1579392738.6164696,2 x 15672 ₹5.23
https://cdn.rebrickable.com/media/thumbs/parts/elements/6166894.jpg/85x85p.jpg?1579392838.2083204,2 x 28192 ₹17.70
https://cdn.rebrickable.com/media/thumbs/parts/elements/6034044.jpg/85x85p.jpg?1579392274.2811658,8 x 11477 ₹6.35
https://cdn.rebrickable.com/media/thumbs/parts/elements/6213880.jpg/85x85p.jpg?1579392840.2403173,2 x 29120 ₹24.98
https://cdn.rebrickable.com/media/thumbs/parts/elements/6213881.jpg/85x85p.jpg?1579392840.404317,2 x 29119 ₹25.40
https://cdn.rebrickable.com/media/thumbs/parts/elements/4249112.jpg/85x85p.jpg?1579392324.1370912,2 x 50950 ₹10.22
https://cdn.rebrickable.com/media/thumbs/parts/elements/6172366.jpg/85x85p.jpg?1579392562.904733,2 x 25269 ₹9.90
https://cdn.rebrickable.com/media/thumbs/parts/elements/6128991.jpg/85x85p.jpg?1579392839.9283178,1 x 22385 ₹43.56
https://cdn.rebrickable.com/media/thumbs/parts/elements/6132204.jpg/85x85p.jpg?1579392840.452317,2 x 24307 ₹19.53
https://cdn.rebrickable.com/media/thumbs/parts/elements/614124.jpg/85x85p.jpg?1579392218.3492506,4 x 6141 ₹2.01
https://cdn.rebrickable.com/media/thumbs/parts/elements/403224.jpg/85x85p.jpg?1579393009.216066,4 x 4032a ₹3.48
https://cdn.rebrickable.com/media/thumbs/parts/elements/6099368.jpg/85x85p.jpg?1579394278.102166,3 x 3023 ₹9.88
https://cdn.rebrickable.com/media/thumbs/parts/elements/6172742.jpg/85x85p.jpg?1579394278.1501658,2 x 3710 ₹13.14
https://cdn.rebrickable.com/media/thumbs/parts/elements/6236768.jpg/85x85p.jpg?1579399587.3702269 https://rebrickable.com/static/img/overlays/rare_color.png,1 x 29120 ₹1,019.00"
https://cdn.rebrickable.com/media/thumbs/parts/elements/6236769.jpg/85x85p.jpg?1579405801.7408361 https://rebrickable.com/static/img/overlays/rare_color.png,1 x 29119 ₹746.34
https://cdn.rebrickable.com/media/thumbs/parts/elements/6236767.jpg/85x85p.jpg?1579403972.235598 https://rebrickable.com/static/img/overlays/rare_color.png,1 x 90194
https://cdn.rebrickable.com/media/thumbs/parts/elements/302426.jpg/85x85p.jpg?1579392149.745355,1 x 3024 ₹5.82
https://cdn.rebrickable.com/media/thumbs/parts/elements/4504382.jpg/85x85p.jpg?1579392185.4013007,1 x 54200 ₹2.80
https://cdn.rebrickable.com/media/thumbs/parts/elements/6178627.jpg/85x85p.jpg?1579393278.143664,1 x 98138pr0060 ₹12.34
https://cdn.rebrickable.com/media/thumbs/parts/elements/6199891.jpg/85x85p.jpg?1579393534.367283,1 x 25269 ₹8.64
https://cdn.rebrickable.com/media/thumbs/parts/elements/6213778.jpg/85x85p.jpg?1579393263.211686,1 x 3024 ₹12.24
https://cdn.rebrickable.com/media/thumbs/parts/elements/6097493.jpg/85x85p.jpg?1579392952.7441497,1 x 3024 ₹8.66
https://cdn.rebrickable.com/media/thumbs/parts/elements/302421.jpg/85x85p.jpg?1579392301.625125,1 x 3024 ₹3.82
https://cdn.rebrickable.com/media/thumbs/parts/elements/4244371.jpg/85x85p.jpg?1579392194.0172875,1 x 54200 ₹3.85
https://cdn.rebrickable.com/media/thumbs/parts/elements/6170390.jpg/85x85p.jpg?1579392511.8568094,1 x 25269 ₹10.03
https://cdn.rebrickable.com/media/thumbs/parts/elements/4159553.jpg/85x85p.jpg?1579392226.621238,1 x 3024 ₹4.23
https://cdn.rebrickable.com/media/thumbs/parts/elements/4516055.jpg/85x85p.jpg?1579392226.9972374,1 x 54200 ₹2.52
https://cdn.rebrickable.com/media/thumbs/parts/elements/302401.jpg/85x85p.jpg?1579392230.073233,1 x 3024 ₹4.77
https://cdn.rebrickable.com/media/thumbs/parts/elements/4244370.jpg/85x85p.jpg?1579392480.3408566,1 x 54200 ₹3.79
https://cdn.rebrickable.com/media/thumbs/parts/elements/6172366.jpg/85x85p.jpg?1579392562.904733,1 x 25269 ₹9.90
https://cdn.rebrickable.com/media/thumbs/parts/elements/614124.jpg/85x85p.jpg?1579392218.3492506,1 x 6141 ₹2.01